Departing,arriving,Month,Passenger_Trips,Aircraft_Trips,Passenger_Load_Factor,Distance_GC_(km),Seats,Year
ALBURY,SYDNEY,Jan-24,10938,308,60.9,452,17969,2024
ADELAIDE,ALICE SPRINGS,Jan-24,7658,156,58.4,1316,13123,2024
ADELAIDE,BRISBANE,Jan-24,72443,730,75.7,1622,95758,2024
ADELAIDE,CANBERRA,Jan-24,11157,151,68,972,16419,2024
ADELAIDE,CAIRNS,Jan-24,0,0,0,2131,0,2024
ADELAIDE,DARWIN,Jan-24,0,0,0,2619,0,2024
ADELAIDE,HOBART,Jan-24,0,0,0,1172,0,2024
ADELAIDE,MELBOURNE,Jan-24,187761,1380,82.2,643,228339,2024
ADELAIDE,GOLD COAST,Jan-24,26581,170,83.1,1607,31998,2024
ADELAIDE,PERTH,Jan-24,58148,429,76.7,2120,75764,2024
ADELAIDE,PORT LINCOLN,Jan-24,13866,552,61.1,246,22677,2024
ADELAIDE,SYDNEY,Jan-24,157687,1218,78.3,1167,201448,2024
ARMIDALE,SYDNEY,Jan-24,0,0,0,382,0,2024
ALICE SPRINGS,DARWIN,Jan-24,0,0,0,1305,0,2024
ALICE SPRINGS,MELBOURNE,Jan-24,0,0,0,1860,0,2024
ALICE SPRINGS,SYDNEY,Jan-24,0,0,0,2022,0,2024
AYERS ROCK,SYDNEY,Jan-24,0,0,0,2181,0,2024
BUNDABERG,BRISBANE,Jan-24,8832,201,66.6,287,13254,2024
BROOME,PERTH,Jan-24,22222,224,68.9,1677,32240,2024
BRISBANE,CANBERRA,Jan-24,42870,476,74.9,956,57211,2024
BRISBANE,CAIRNS,Jan-24,90329,852,72.5,1391,124634,2024
BRISBANE,DARWIN,Jan-24,23717,249,74.4,2852,31874,2024
BRISBANE,EMERALD,Jan-24,13245,304,65,653,20392,2024
BRISBANE,GLADSTONE,Jan-24,15199,291,64.2,434,23692,2024
BRISBANE,HOBART,Jan-24,33297,257,76.9,1791,43292,2024
BRISBANE,HAMILTON ISLAND,Jan-24,12129,139,59.3,888,20440,2024
BRISBANE,MOUNT ISA,Jan-24,9650,174,50.3,1573,19172,2024
BRISBANE,LAUNCESTON,Jan-24,15334,118,78.1,1664,19636,2024
BRISBANE,MELBOURNE,Jan-24,265255,2045,75.9,1381,349526,2024
BRISBANE,MACKAY,Jan-24,51593,650,73.5,797,70219,2024
BRISBANE,MORANBAH,Jan-24,8913,220,53.8,780,16569,2024
BRISBANE,NEWCASTLE,Jan-24,37239,466,72.2,614,51591,2024
BRISBANE,PERTH,Jan-24,90452,615,82.9,3615,109173,2024
BRISBANE,PROSERPINE,Jan-24,23219,226,64.7,895,35860,2024
BRISBANE,ROCKHAMPTON,Jan-24,35887,578,72.1,518,49793,2024
BRISBANE,SYDNEY,Jan-24,316482,2466,79.1,753,400085,2024
BRISBANE,TOWNSVILLE,Jan-24,58948,629,68.4,1112,86241,2024
CANBERRA,MELBOURNE,Jan-24,72144,689,72.7,470,99197,2024
CANBERRA,GOLD COAST,Jan-24,15959,106,84.3,892,18928,2024
CANBERRA,SYDNEY,Jan-24,35474,932,63.2,236,56160,2024
COFFS HARBOUR,SYDNEY,Jan-24,15579,411,68.6,443,22720,2024
CAIRNS,MELBOURNE,Jan-24,72234,488,75.2,2311,96056,2024
CAIRNS,GOLD COAST,Jan-24,0,0,0,1484,0,2024
CAIRNS,SYDNEY,Jan-24,75212,539,74.1,1971,101506,2024
CAIRNS,TOWNSVILLE,Jan-24,0,0,0,284,0,2024
DUBBO,SYDNEY,Jan-24,11357,345,59,310,19242,2024
DEVONPORT,MELBOURNE,Jan-24,9135,301,65.7,412,13898,2024
DARWIN,MELBOURNE,Jan-24,21109,169,83.2,3131,25377,2024
DARWIN,PERTH,Jan-24,12294,109,72.9,2651,16868,2024
DARWIN,SYDNEY,Jan-24,0,0,0,3155,0,2024
GERALDTON,PERTH,Jan-24,7752,210,41.2,370,18820,2024
HOBART,MELBOURNE,Jan-24,136618,1063,72.9,618,187346,2024
HOBART,SYDNEY,Jan-24,78928,566,83.4,1039,94620,2024
HAMILTON ISLAND,MELBOURNE,Jan-24,0,0,0,1965,0,2024
HAMILTON ISLAND,SYDNEY,Jan-24,21296,160,75.3,1526,28284,2024
KALGOORLIE,PERTH,Jan-24,26578,328,53.1,538,50070,2024
KARRATHA,PERTH,Jan-24,44931,431,63.1,1250,71174,2024
LAUNCESTON,MELBOURNE,Jan-24,84734,856,71,476,119327,2024
LAUNCESTON,SYDNEY,Jan-24,34943,259,84.7,914,41240,2024
SUNSHINE COAST,MELBOURNE,Jan-24,79177,557,79.3,1454,99825,2024
SUNSHINE COAST,SYDNEY,Jan-24,71223,508,78.3,837,91005,2024
MELBOURNE,MILDURA,Jan-24,12585,353,69.4,457,18130,2024
MELBOURNE,NEWCASTLE,Jan-24,35428,275,79.1,836,44770,2024
MELBOURNE,GOLD COAST,Jan-24,217276,1518,79.7,1330,272693,2024
MELBOURNE,PERTH,Jan-24,171980,1161,85.1,2706,202176,2024
MELBOURNE,BALLINA,Jan-24,0,0,0,1274,0,2024
MELBOURNE,SYDNEY,Jan-24,650266,4428,84.8,706,767301,2024
MELBOURNE,TOWNSVILLE,Jan-24,0,0,0,2055,0,2024
GOLD COAST,SYDNEY,Jan-24,239183,1571,85.2,680,280620,2024
PERTH,PORT HEDLAND,Jan-24,37400,411,55,1312,67974,2024
PERTH,SYDNEY,Jan-24,143572,905,86.9,3284,165267,2024
PERTH,NEWMAN,Jan-24,28024,336,51.3,1019,54604,2024
PROSERPINE,SYDNEY,Jan-24,0,0,0,1517,0,2024
PORT MACQUARIE,SYDNEY,Jan-24,11540,321,60.9,321,18956,2024
BALLINA,SYDNEY,Jan-24,44633,366,83.4,612,53532,2024
SYDNEY,TAMWORTH,45292,0,0,0,320,0,2024
SYDNEY,TOWNSVILLE,45292,0,0,0,1690,0,2024
SYDNEY,WAGGA WAGGA,45292,9374,314,51.4,367,18253,2024
ALBURY,SYDNEY,Feb-24,12150,334,65.8,452,18468,2024
ADELAIDE,ALICE SPRINGS,Feb-24,7938,147,65.3,1316,12155,2024
ADELAIDE,BRISBANE,Feb-24,65440,680,73.6,1622,88891,2024
ADELAIDE,CANBERRA,Feb-24,14880,198,69.2,972,21515,2024
ADELAIDE,CAIRNS,Feb-24,0,0,0,2131,0,2024
ADELAIDE,DARWIN,Feb-24,0,0,0,2619,0,2024
ADELAIDE,HOBART,Feb-24,0,0,0,1172,0,2024
ADELAIDE,MELBOURNE,Feb-24,190851,1389,83.2,643,229444,2024
ADELAIDE,GOLD COAST,Feb-24,20449,116,86.7,1607,23584,2024
ADELAIDE,PERTH,Feb-24,54440,388,80.3,2120,67762,2024
ADELAIDE,PORT LINCOLN,Feb-24,14698,530,67.5,246,21773,2024
ADELAIDE,SYDNEY,Feb-24,146227,1063,84.7,1167,172669,2024
ARMIDALE,SYDNEY,Feb-24,0,0,0,382,0,2024
ALICE SPRINGS,DARWIN,Feb-24,0,0,0,1305,0,2024
ALICE SPRINGS,MELBOURNE,Feb-24,0,0,0,1860,0,2024
ALICE SPRINGS,SYDNEY,Feb-24,0,0,0,2022,0,2024
AYERS ROCK,SYDNEY,Feb-24,0,0,0,2181,0,2024
BUNDABERG,BRISBANE,Feb-24,10841,297,59.3,287,18278,2024
BROOME,PERTH,Feb-24,17595,185,65.1,1677,27048,2024
BRISBANE,CANBERRA,Feb-24,47349,553,67.8,956,69856,2024
BRISBANE,CAIRNS,Feb-24,89086,752,82.2,1391,108366,2024
BRISBANE,DARWIN,Feb-24,19828,217,75.8,2852,26146,2024
BRISBANE,EMERALD,Feb-24,14860,329,67.8,653,21932,2024
BRISBANE,GLADSTONE,Feb-24,17853,328,68.3,434,26140,2024
BRISBANE,HOBART,Feb-24,22514,168,87.2,1791,25832,2024
BRISBANE,HAMILTON ISLAND,Feb-24,11432,108,73.7,888,15519,2024
BRISBANE,MOUNT ISA,Feb-24,10096,163,53,1573,19052,2024
BRISBANE,LAUNCESTON,Feb-24,10771,80,79.6,1664,13528,2024
BRISBANE,MELBOURNE,Feb-24,259720,1906,81.2,1381,319658,2024
BRISBANE,MACKAY,Feb-24,57105,647,75.2,797,75976,2024
BRISBANE,MORANBAH,Feb-24,9948,223,59.5,780,16727,2024
BRISBANE,NEWCASTLE,Feb-24,39020,472,77,614,50689,2024
BRISBANE,PERTH,Feb-24,79583,559,84.2,3615,94534,2024
BRISBANE,PROSERPINE,Feb-24,18435,142,87.7,895,21016,2024
BRISBANE,ROCKHAMPTON,Feb-24,41234,645,74.2,518,55555,2024
BRISBANE,SYDNEY,Feb-24,345297,2512,84.3,753,409675,2024
BRISBANE,TOWNSVILLE,Feb-24,64892,620,76.1,1112,85233,2024
CANBERRA,MELBOURNE,Feb-24,83860,843,71.3,470,117619,2024
CANBERRA,GOLD COAST,Feb-24,13152,93,79.2,892,16614,2024
CANBERRA,SYDNEY,Feb-24,49809,1222,64,236,77871,2024
COFFS HARBOUR,SYDNEY,Feb-24,15774,364,76.6,443,20593,2024
CAIRNS,MELBOURNE,Feb-24,49658,291,87.1,2311,57038,2024
CAIRNS,GOLD COAST,Feb-24,0,0,0,1484,0,2024
CAIRNS,SYDNEY,Feb-24,62910,378,86.8,1971,72440,2024
CAIRNS,TOWNSVILLE,Feb-24,0,0,0,284,0,2024
DUBBO,SYDNEY,Feb-24,13254,416,60.6,310,21881,2024
DEVONPORT,MELBOURNE,Feb-24,9802,314,69.2,412,14165,2024
DARWIN,MELBOURNE,Feb-24,14515,120,86.1,3131,16851,2024
DARWIN,PERTH,Feb-24,10297,92,73.1,2651,14092,2024
DARWIN,SYDNEY,Feb-24,0,0,0,3155,0,2024
GERALDTON,PERTH,Feb-24,8214,194,47.4,370,17332,2024
HOBART,MELBOURNE,Feb-24,120384,825,83.9,618,143448,2024
HOBART,SYDNEY,Feb-24,65809,470,85.3,1039,77161,2024
HAMILTON ISLAND,MELBOURNE,Feb-24,0,0,0,1965,0,2024
HAMILTON ISLAND,SYDNEY,Feb-24,19309,147,74.3,1526,25978,2024
KALGOORLIE,PERTH,Feb-24,28093,321,55.9,538,50246,2024
KARRATHA,PERTH,Feb-24,42981,392,67.3,1250,63880,2024
LAUNCESTON,MELBOURNE,Feb-24,76424,770,79.3,476,96332,2024
LAUNCESTON,SYDNEY,Feb-24,27830,204,85,914,32760,2024
SUNSHINE COAST,MELBOURNE,Feb-24,54100,356,81.2,1454,66633,2024
SUNSHINE COAST,SYDNEY,Feb-24,58761,411,80.1,837,73337,2024
MELBOURNE,MILDURA,Feb-24,14098,409,72,457,19586,2024
MELBOURNE,NEWCASTLE,Feb-24,35418,297,76.4,836,46362,2024
MELBOURNE,GOLD COAST,Feb-24,167902,1069,86.1,1330,195018,2024
MELBOURNE,PERTH,Feb-24,159735,1051,86.7,2706,184176,2024
MELBOURNE,BALLINA,Feb-24,0,0,0,1274,0,2024
MELBOURNE,SYDNEY,Feb-24,681740,4641,85.2,706,800710,2024
MELBOURNE,TOWNSVILLE,Feb-24,0,0,0,2055,0,2024
GOLD COAST,SYDNEY,Feb-24,197477,1237,88.9,680,222202,2024
PERTH,PORT HEDLAND,Feb-24,34361,336,64.4,1312,53388,2024
PERTH,SYDNEY,Feb-24,127574,731,89.1,3284,143163,2024
PERTH,NEWMAN,Feb-24,27721,294,59,1019,47020,2024
PROSERPINE,SYDNEY,Feb-24,0,0,0,1517,0,2024
PORT MACQUARIE,SYDNEY,Feb-24,12677,338,65.9,321,19231,2024
BALLINA,SYDNEY,Feb-24,41659,332,86.6,612,48105,2024
SYDNEY,TAMWORTH,45323,0,0,0,320,0,2024
SYDNEY,TOWNSVILLE,45323,0,0,0,1690,0,2024
SYDNEY,WAGGA WAGGA,45323,11692,335,62.6,367,18678,2024
ALBURY,SYDNEY,Mar-24,14419,328,75.8,452,19033,2024
ADELAIDE,ALICE SPRINGS,Mar-24,8796,152,67.7,1316,12992,2024
ADELAIDE,BRISBANE,Mar-24,74679,713,77.7,1622,96075,2024
ADELAIDE,CANBERRA,Mar-24,16054,206,72.1,972,22267,2024
ADELAIDE,CAIRNS,Mar-24,0,0,0,2131,0,2024
ADELAIDE,DARWIN,Mar-24,0,0,0,2619,0,2024
ADELAIDE,HOBART,Mar-24,0,0,0,1172,0,2024
ADELAIDE,MELBOURNE,Mar-24,208158,1496,83.2,643,250272,2024
ADELAIDE,GOLD COAST,Mar-24,23149,126,91.3,1607,25348,2024
ADELAIDE,PERTH,Mar-24,56487,391,84.6,2120,66776,2024
ADELAIDE,PORT LINCOLN,Mar-24,15059,546,67.1,246,22445,2024
ADELAIDE,SYDNEY,Mar-24,161360,1174,83.2,1167,193967,2024
ARMIDALE,SYDNEY,Mar-24,0,0,0,382,0,2024
ALICE SPRINGS,DARWIN,Mar-24,0,0,0,1305,0,2024
ALICE SPRINGS,MELBOURNE,Mar-24,0,0,0,1860,0,2024
ALICE SPRINGS,SYDNEY,Mar-24,0,0,0,2022,0,2024
AYERS ROCK,SYDNEY,Mar-24,0,0,0,2181,0,2024
BUNDABERG,BRISBANE,Mar-24,11621,296,63.4,287,18324,2024
BROOME,PERTH,Mar-24,24432,222,75.3,1677,32456,2024
BRISBANE,CANBERRA,Mar-24,50817,597,70.4,956,72167,2024
BRISBANE,CAIRNS,Mar-24,94813,794,86.9,1391,109097,2024
BRISBANE,DARWIN,Mar-24,21992,221,83.6,2852,26299,2024
BRISBANE,EMERALD,Mar-24,15597,326,71.1,653,21944,2024
BRISBANE,GLADSTONE,Mar-24,18302,323,70.4,434,25990,2024
BRISBANE,HOBART,Mar-24,25474,194,86.1,1791,29594,2024
BRISBANE,HAMILTON ISLAND,Mar-24,13212,133,67.9,888,19454,2024
BRISBANE,MOUNT ISA,Mar-24,11189,168,55.9,1573,20016,2024
BRISBANE,LAUNCESTON,Mar-24,12466,92,79.7,1664,15644,2024
BRISBANE,MELBOURNE,Mar-24,284344,2044,81.9,1381,347056,2024
BRISBANE,MACKAY,Mar-24,61425,705,74.1,797,82921,2024
BRISBANE,MORANBAH,Mar-24,9442,208,60.5,780,15598,2024
BRISBANE,NEWCASTLE,Mar-24,42365,496,79.4,614,53378,2024
BRISBANE,PERTH,Mar-24,90197,626,84.8,3615,106364,2024
BRISBANE,PROSERPINE,Mar-24,20580,168,81.9,895,25136,2024
BRISBANE,ROCKHAMPTON,Mar-24,44073,652,78,518,56524,2024
BRISBANE,SYDNEY,Mar-24,366620,2735,81.3,753,451159,2024
BRISBANE,TOWNSVILLE,Mar-24,72602,703,74.6,1112,97345,2024
CANBERRA,MELBOURNE,Mar-24,94119,879,70.7,470,133099,2024
CANBERRA,GOLD COAST,Mar-24,16026,106,84.2,892,19040,2024
CANBERRA,SYDNEY,Mar-24,55843,1313,67.5,236,82705,2024
COFFS HARBOUR,SYDNEY,Mar-24,17934,388,80.8,443,22209,2024
CAIRNS,MELBOURNE,Mar-24,58053,370,81.6,2311,71118,2024
CAIRNS,GOLD COAST,Mar-24,0,0,0,1484,0,2024
CAIRNS,SYDNEY,Mar-24,69640,420,86.6,1971,80452,2024
CAIRNS,TOWNSVILLE,Mar-24,0,0,0,284,0,2024
DUBBO,SYDNEY,Mar-24,15208,420,66.7,310,22816,2024
DEVONPORT,MELBOURNE,Mar-24,10590,312,73.6,412,14386,2024
DARWIN,MELBOURNE,Mar-24,16801,134,88.6,3131,18972,2024
DARWIN,PERTH,Mar-24,12632,105,68.4,2651,18466,2024
DARWIN,SYDNEY,Mar-24,0,0,0,3155,0,2024
GERALDTON,PERTH,Mar-24,9174,203,49.6,370,18480,2024
HOBART,MELBOURNE,Mar-24,124746,872,81.2,618,153672,2024
HOBART,SYDNEY,Mar-24,67571,500,82,1039,82365,2024
HAMILTON ISLAND,MELBOURNE,Mar-24,0,0,0,1965,0,2024
HAMILTON ISLAND,SYDNEY,Mar-24,19638,161,69.1,1526,28426,2024
KALGOORLIE,PERTH,Mar-24,29500,327,56.4,538,52300,2024
KARRATHA,PERTH,Mar-24,48310,423,67.9,1250,71193,2024
LAUNCESTON,MELBOURNE,Mar-24,79722,800,77.5,476,102821,2024
LAUNCESTON,SYDNEY,Mar-24,31062,231,83.1,914,37386,2024
SUNSHINE COAST,MELBOURNE,Mar-24,61786,386,85.4,1454,72328,2024
SUNSHINE COAST,SYDNEY,Mar-24,64850,440,82.2,837,78871,2024
MELBOURNE,MILDURA,Mar-24,16061,409,80.2,457,20037,2024
MELBOURNE,NEWCASTLE,Mar-24,39326,315,80.3,836,48973,2024
MELBOURNE,GOLD COAST,Mar-24,188621,1195,86,1330,219181,2024
MELBOURNE,PERTH,Mar-24,173629,1150,83.2,2706,208617,2024
MELBOURNE,BALLINA,Mar-24,0,0,0,1274,0,2024
MELBOURNE,SYDNEY,Mar-24,709732,4980,82.4,706,861574,2024
MELBOURNE,TOWNSVILLE,Mar-24,0,0,0,2055,0,2024
GOLD COAST,SYDNEY,Mar-24,211255,1403,84,680,251506,2024
PERTH,PORT HEDLAND,Mar-24,36211,372,59.9,1312,60472,2024
PERTH,SYDNEY,Mar-24,134013,776,89.1,3284,150466,2024
PERTH,NEWMAN,Mar-24,29674,321,56,1019,53020,2024
PROSERPINE,SYDNEY,Mar-24,0,0,0,1517,0,2024
PORT MACQUARIE,SYDNEY,Mar-24,14810,376,68.7,321,21546,2024
BALLINA,SYDNEY,Mar-24,44440,360,84.9,612,52356,2024
SYDNEY,TAMWORTH,45352,0,0,0,320,0,2024
SYDNEY,TOWNSVILLE,45352,0,0,0,1690,0,2024
SYDNEY,WAGGA WAGGA,45352,13974,344,70.8,367,19729,2024
ALBURY,SYDNEY,Apr-24,12536,362,65.8,452,19044,2024
ADELAIDE,ALICE SPRINGS,Apr-24,9292,168,64.1,1316,14490,2024
ADELAIDE,BRISBANE,Apr-24,76887,734,79,1622,97344,2024
ADELAIDE,CANBERRA,Apr-24,15238,193,72.7,972,20965,2024
ADELAIDE,CAIRNS,Apr-24,0,0,0,2131,0,2024
ADELAIDE,DARWIN,Apr-24,0,0,0,2619,0,2024
ADELAIDE,HOBART,Apr-24,0,0,0,1172,0,2024
ADELAIDE,MELBOURNE,Apr-24,206020,1493,83.3,643,247379,2024
ADELAIDE,GOLD COAST,Apr-24,22984,138,89.2,1607,25759,2024
ADELAIDE,PERTH,Apr-24,61650,407,83.5,2120,73870,2024
ADELAIDE,PORT LINCOLN,Apr-24,14952,567,63.9,246,23386,2024
ADELAIDE,SYDNEY,Apr-24,170427,1234,80.7,1167,211173,2024
ARMIDALE,SYDNEY,Apr-24,0,0,0,382,0,2024
ALICE SPRINGS,DARWIN,Apr-24,0,0,0,1305,0,2024
ALICE SPRINGS,MELBOURNE,Apr-24,0,0,0,1860,0,2024
ALICE SPRINGS,SYDNEY,Apr-24,0,0,0,2022,0,2024
AYERS ROCK,SYDNEY,Apr-24,0,0,0,2181,0,2024
BUNDABERG,BRISBANE,Apr-24,11261,300,60.9,287,18490,2024
BROOME,PERTH,Apr-24,28263,274,64.6,1677,43724,2024
BRISBANE,CANBERRA,Apr-24,49140,563,70.2,956,69981,2024
BRISBANE,CAIRNS,Apr-24,103978,943,73.6,1391,141294,2024
BRISBANE,DARWIN,Apr-24,20791,205,85.8,2852,24224,2024
BRISBANE,EMERALD,Apr-24,15073,342,66.5,653,22660,2024
BRISBANE,GLADSTONE,Apr-24,18308,332,65.8,434,27841,2024
BRISBANE,HOBART,Apr-24,23945,182,80.7,1791,29656,2024
BRISBANE,HAMILTON ISLAND,Apr-24,13023,120,76.8,888,16966,2024
BRISBANE,MOUNT ISA,Apr-24,11420,169,58.3,1573,19586,2024
BRISBANE,LAUNCESTON,Apr-24,13041,92,82.5,1664,15800,2024
BRISBANE,MELBOURNE,Apr-24,277327,2205,75.2,1381,368943,2024
BRISBANE,MACKAY,Apr-24,59671,573,75.7,797,78786,2024
BRISBANE,MORANBAH,Apr-24,9029,224,53.7,780,16800,2024
BRISBANE,NEWCASTLE,Apr-24,41740,438,79.3,614,52635,2024
BRISBANE,PERTH,Apr-24,88037,619,82.3,3615,106990,2024
BRISBANE,PROSERPINE,Apr-24,23186,172,83.7,895,27700,2024
BRISBANE,ROCKHAMPTON,Apr-24,45564,683,74.4,518,61216,2024
BRISBANE,SYDNEY,Apr-24,336502,2620,77.4,753,434917,2024
BRISBANE,TOWNSVILLE,Apr-24,72861,705,74.6,1112,97611,2024
CANBERRA,MELBOURNE,Apr-24,85183,799,72.7,470,117141,2024
CANBERRA,GOLD COAST,Apr-24,16991,110,86.4,892,19668,2024
CANBERRA,SYDNEY,Apr-24,49214,1235,55.6,236,88436,2024
COFFS HARBOUR,SYDNEY,Apr-24,16908,400,75.4,443,22420,2024
CAIRNS,MELBOURNE,Apr-24,66093,439,79.1,2311,83608,2024
CAIRNS,GOLD COAST,Apr-24,0,0,0,1484,0,2024
CAIRNS,SYDNEY,Apr-24,74882,508,77.1,1971,97138,2024
CAIRNS,TOWNSVILLE,Apr-24,0,0,0,284,0,2024
DUBBO,SYDNEY,Apr-24,13939,453,58.2,310,23970,2024
DEVONPORT,MELBOURNE,Apr-24,10602,312,74.1,412,14304,2024
DARWIN,MELBOURNE,Apr-24,24319,178,77.4,3131,31408,2024
DARWIN,PERTH,Apr-24,13348,102,73.7,2651,18100,2024
DARWIN,SYDNEY,Apr-24,0,0,0,3155,0,2024
GERALDTON,PERTH,Apr-24,8893,206,47.3,370,18784,2024
HOBART,MELBOURNE,Apr-24,111931,857,81.8,618,136858,2024
HOBART,SYDNEY,Apr-24,67218,480,79.3,1039,84805,2024
HAMILTON ISLAND,MELBOURNE,Apr-24,0,0,0,1965,0,2024
HAMILTON ISLAND,SYDNEY,Apr-24,21320,158,76.2,1526,27980,2024
KALGOORLIE,PERTH,Apr-24,29565,377,52.8,538,56020,2024
KARRATHA,PERTH,Apr-24,49257,443,67.5,1250,72948,2024
LAUNCESTON,MELBOURNE,Apr-24,75388,698,80.3,476,93924,2024
LAUNCESTON,SYDNEY,Apr-24,29608,222,82.4,914,35946,2024
SUNSHINE COAST,MELBOURNE,Apr-24,67738,444,82,1454,82597,2024
SUNSHINE COAST,SYDNEY,Apr-24,63655,425,83.5,837,76244,2024
MELBOURNE,MILDURA,Apr-24,14927,414,73.8,457,20220,2024
MELBOURNE,NEWCASTLE,Apr-24,38870,308,82.5,836,47130,2024
MELBOURNE,GOLD COAST,Apr-24,185569,1204,84.8,1330,218681,2024
MELBOURNE,PERTH,Apr-24,170457,1144,80,2706,213006,2024
MELBOURNE,BALLINA,Apr-24,0,0,0,1274,0,2024
MELBOURNE,SYDNEY,Apr-24,641487,4719,77.8,706,825278,2024
MELBOURNE,TOWNSVILLE,Apr-24,0,0,0,2055,0,2024
GOLD COAST,SYDNEY,Apr-24,217370,1468,82.6,680,263233,2024
PERTH,PORT HEDLAND,Apr-24,40018,396,62.6,1312,63883,2024
PERTH,SYDNEY,Apr-24,131082,840,83.4,3284,157136,2024
PERTH,NEWMAN,Apr-24,33987,344,61.1,1019,55634,2024
PROSERPINE,SYDNEY,Apr-24,0,0,0,1517,0,2024
PORT MACQUARIE,SYDNEY,Apr-24,13411,324,67.5,321,19864,2024
BALLINA,SYDNEY,Apr-24,43236,354,82.9,612,52132,2024
SYDNEY,TAMWORTH,45383,0,0,0,320,0,2024
SYDNEY,TOWNSVILLE,45383,0,0,0,1690,0,2024
SYDNEY,WAGGA WAGGA,45383,13707,392,63.5,367,21600,2024
ALBURY,SYDNEY,May-24,14792,391,70.7,452,20914,2024
ADELAIDE,ALICE SPRINGS,May-24,9121,168,64.2,1316,14210,2024
ADELAIDE,BRISBANE,May-24,68020,707,72.5,1622,93820,2024
ADELAIDE,CANBERRA,May-24,15190,206,66.9,972,22694,2024
ADELAIDE,CAIRNS,May-24,0,0,0,2131,0,2024
ADELAIDE,DARWIN,May-24,0,0,0,2619,0,2024
ADELAIDE,HOBART,May-24,0,0,0,1172,0,2024
ADELAIDE,MELBOURNE,May-24,193862,1488,78.9,643,245835,2024
ADELAIDE,GOLD COAST,May-24,20760,116,88.8,1607,23390,2024
ADELAIDE,PERTH,May-24,54212,397,77.1,2120,70355,2024
ADELAIDE,PORT LINCOLN,May-24,13991,579,58.8,246,23788,2024
ADELAIDE,SYDNEY,May-24,144633,1255,68.9,1167,209931,2024
ARMIDALE,SYDNEY,May-24,0,0,0,382,0,2024
ALICE SPRINGS,DARWIN,May-24,0,0,0,1305,0,2024
ALICE SPRINGS,MELBOURNE,May-24,0,0,0,1860,0,2024
ALICE SPRINGS,SYDNEY,May-24,0,0,0,2022,0,2024
AYERS ROCK,SYDNEY,May-24,0,0,0,2181,0,2024
BUNDABERG,BRISBANE,May-24,12712,316,65.8,287,19324,2024
BROOME,PERTH,May-24,33358,288,73.3,1677,45501,2024
BRISBANE,CANBERRA,May-24,51948,589,69.9,956,74368,2024
BRISBANE,CAIRNS,May-24,117378,963,83.5,1391,140614,2024
BRISBANE,DARWIN,May-24,27342,215,90.9,2852,30075,2024
BRISBANE,EMERALD,May-24,16107,360,66,653,24414,2024
BRISBANE,GLADSTONE,May-24,19653,340,68.2,434,28834,2024
BRISBANE,HOBART,May-24,21013,156,84.1,1791,24989,2024
BRISBANE,HAMILTON ISLAND,May-24,11630,114,73.7,888,15776,2024
BRISBANE,MOUNT ISA,May-24,13008,179,63.5,1573,20490,2024
BRISBANE,LAUNCESTON,May-24,9350,60,92.1,1664,10152,2024
BRISBANE,MELBOURNE,May-24,278852,2153,78.9,1381,353536,2024
BRISBANE,MACKAY,May-24,66503,621,79.7,797,83410,2024
BRISBANE,MORANBAH,May-24,9631,233,55.1,780,17494,2024
BRISBANE,NEWCASTLE,May-24,42706,440,82,614,52112,2024
BRISBANE,PERTH,May-24,85784,603,83,3615,103316,2024
BRISBANE,PROSERPINE,May-24,20292,140,91,895,22310,2024
BRISBANE,ROCKHAMPTON,May-24,53772,755,76.7,518,70074,2024
BRISBANE,SYDNEY,May-24,357996,2859,76,753,471002,2024
BRISBANE,TOWNSVILLE,May-24,81079,733,87.2,1112,93003,2024
CANBERRA,MELBOURNE,May-24,85330,832,68.9,470,123811,2024
CANBERRA,GOLD COAST,May-24,14904,99,83.6,892,17830,2024
CANBERRA,SYDNEY,May-24,57670,1323,60,236,96106,2024
COFFS HARBOUR,SYDNEY,May-24,17916,417,76.7,443,23369,2024
CAIRNS,MELBOURNE,May-24,53418,310,90.3,2311,59137,2024
CAIRNS,GOLD COAST,May-24,0,0,0,1484,0,2024
CAIRNS,SYDNEY,May-24,67702,391,88.4,1971,76614,2024
CAIRNS,TOWNSVILLE,May-24,0,0,0,284,0,2024
DUBBO,SYDNEY,May-24,15784,493,60.9,310,25914,2024
DEVONPORT,MELBOURNE,May-24,10451,311,72.3,412,14462,2024
DARWIN,MELBOURNE,May-24,25037,170,83.9,3131,29830,2024
DARWIN,PERTH,May-24,14865,113,73.1,2651,20340,2024
DARWIN,SYDNEY,May-24,0,0,0,3155,0,2024
GERALDTON,PERTH,May-24,10116,217,47.8,370,20788,2024
HOBART,MELBOURNE,May-24,100390,783,82.4,618,121764,2024
HOBART,SYDNEY,May-24,56967,428,75.9,1039,75096,2024
HAMILTON ISLAND,MELBOURNE,May-24,0,0,0,1965,0,2024
HAMILTON ISLAND,SYDNEY,May-24,15485,123,71.3,1526,21710,2024
KALGOORLIE,PERTH,May-24,33017,401,55.7,538,58180,2024
KARRATHA,PERTH,May-24,52673,469,66.8,1250,78832,2024
LAUNCESTON,MELBOURNE,May-24,66580,652,84.8,476,78500,2024
LAUNCESTON,SYDNEY,May-24,22052,168,84.3,914,26156,2024
SUNSHINE COAST,MELBOURNE,May-24,53424,321,88.5,1454,60343,2024
SUNSHINE COAST,SYDNEY,May-24,58033,391,82.7,837,70170,2024
MELBOURNE,MILDURA,May-24,13862,410,79.1,457,17526,2024
MELBOURNE,NEWCASTLE,May-24,35885,297,79.9,836,44898,2024
MELBOURNE,GOLD COAST,May-24,156850,938,90.4,1330,173509,2024
MELBOURNE,PERTH,May-24,157695,1120,77.4,2706,203706,2024
MELBOURNE,BALLINA,May-24,0,0,0,1274,0,2024
MELBOURNE,SYDNEY,May-24,664654,4968,77,706,863020,2024
MELBOURNE,TOWNSVILLE,May-24,0,0,0,2055,0,2024
GOLD COAST,SYDNEY,May-24,195811,1338,82.7,680,236650,2024
PERTH,PORT HEDLAND,May-24,43070,410,65.1,1312,66153,2024
PERTH,SYDNEY,May-24,124902,799,83.5,3284,149552,2024
PERTH,NEWMAN,May-24,33906,355,59.7,1019,56800,2024
PROSERPINE,SYDNEY,May-24,0,0,0,1517,0,2024
PORT MACQUARIE,SYDNEY,May-24,15000,340,72.1,321,20801,2024
BALLINA,SYDNEY,May-24,37837,314,83.8,612,45128,2024
SYDNEY,TAMWORTH,45413,0,0,0,320,0,2024
SYDNEY,TOWNSVILLE,45413,0,0,0,1690,0,2024
SYDNEY,WAGGA WAGGA,45413,14584,417,63.4,367,23002,2024
ALBURY,SYDNEY,Jun-24,13533,368,68.8,452,19680,2024
ADELAIDE,ALICE SPRINGS,Jun-24,9304,146,73.2,1316,12718,2024
ADELAIDE,BRISBANE,Jun-24,66371,675,73.1,1622,90763,2024
ADELAIDE,CANBERRA,Jun-24,14268,188,69.2,972,20614,2024
ADELAIDE,CAIRNS,Jun-24,0,0,0,2131,0,2024
ADELAIDE,DARWIN,Jun-24,0,0,0,2619,0,2024
ADELAIDE,HOBART,Jun-24,0,0,0,1172,0,2024
ADELAIDE,MELBOURNE,Jun-24,175839,1383,76.1,643,230956,2024
ADELAIDE,GOLD COAST,Jun-24,19664,114,85.3,1607,23044,2024
ADELAIDE,PERTH,Jun-24,48897,366,74.5,2120,65607,2024
ADELAIDE,PORT LINCOLN,Jun-24,13425,530,61,246,22012,2024
ADELAIDE,SYDNEY,Jun-24,135005,1158,68.8,1167,196351,2024
ARMIDALE,SYDNEY,Jun-24,0,0,0,382,0,2024
ALICE SPRINGS,DARWIN,Jun-24,0,0,0,1305,0,2024
ALICE SPRINGS,MELBOURNE,Jun-24,0,0,0,1860,0,2024
ALICE SPRINGS,SYDNEY,Jun-24,0,0,0,2022,0,2024
AYERS ROCK,SYDNEY,Jun-24,0,0,0,2181,0,2024
BUNDABERG,BRISBANE,Jun-24,12110,292,66.6,287,18178,2024
BROOME,PERTH,Jun-24,33579,260,81.9,1677,40998,2024
BRISBANE,CANBERRA,Jun-24,51815,553,75,956,69093,2024
BRISBANE,CAIRNS,Jun-24,121444,929,89.1,1391,136315,2024
BRISBANE,DARWIN,Jun-24,35011,271,90.1,2852,38865,2024
BRISBANE,EMERALD,Jun-24,15230,331,64.3,653,23676,2024
BRISBANE,GLADSTONE,Jun-24,18617,323,67.9,434,27422,2024
BRISBANE,HOBART,Jun-24,23152,170,84.1,1791,27518,2024
BRISBANE,HAMILTON ISLAND,Jun-24,12547,118,75.5,888,16620,2024
BRISBANE,MOUNT ISA,Jun-24,12363,159,66.1,1573,18699,2024
BRISBANE,LAUNCESTON,Jun-24,11701,77,87.9,1664,13316,2024
BRISBANE,MELBOURNE,Jun-24,285859,2064,82.7,1381,345686,2024
BRISBANE,MACKAY,Jun-24,63424,580,81.3,797,77994,2024
BRISBANE,MORANBAH,Jun-24,8961,216,55.3,780,16214,2024
BRISBANE,NEWCASTLE,Jun-24,40396,418,81.7,614,49467,2024
BRISBANE,PERTH,Jun-24,79867,575,79.8,3615,100129,2024
BRISBANE,PROSERPINE,Jun-24,21312,150,88.6,895,24046,2024
BRISBANE,ROCKHAMPTON,Jun-24,48696,668,78.8,518,61810,2024
BRISBANE,SYDNEY,Jun-24,355148,2633,80.6,753,440384,2024
BRISBANE,TOWNSVILLE,Jun-24,83305,720,88.1,1112,94582,2024
CANBERRA,MELBOURNE,Jun-24,79566,778,70.6,470,112699,2024
CANBERRA,GOLD COAST,Jun-24,16029,106,84.4,892,18984,2024
CANBERRA,SYDNEY,Jun-24,52906,1216,61.2,236,86494,2024
COFFS HARBOUR,SYDNEY,Jun-24,17181,399,77,443,22309,2024
CAIRNS,MELBOURNE,Jun-24,62678,349,92.6,2311,67705,2024
CAIRNS,GOLD COAST,Jun-24,0,0,0,1484,0,2024
CAIRNS,SYDNEY,Jun-24,74584,421,90.4,1971,82487,2024
CAIRNS,TOWNSVILLE,Jun-24,0,0,0,284,0,2024
DUBBO,SYDNEY,Jun-24,14531,449,62.1,310,23400,2024
DEVONPORT,MELBOURNE,Jun-24,9593,297,70,412,13699,2024
DARWIN,MELBOURNE,Jun-24,27350,170,90.3,3131,30286,2024
DARWIN,PERTH,Jun-24,18221,147,68.9,2651,26432,2024
DARWIN,SYDNEY,Jun-24,0,0,0,3155,0,2024
GERALDTON,PERTH,Jun-24,8757,201,46.8,370,18700,2024
HOBART,MELBOURNE,Jun-24,94826,761,79.5,618,119271,2024
HOBART,SYDNEY,Jun-24,55093,414,75.6,1039,72901,2024
HAMILTON ISLAND,MELBOURNE,Jun-24,0,0,0,1965,0,2024
HAMILTON ISLAND,SYDNEY,Jun-24,14750,121,69,1526,21370,2024
KALGOORLIE,PERTH,Jun-24,28338,356,54.2,538,52294,2024
KARRATHA,PERTH,Jun-24,50435,429,70.2,1250,71872,2024
LAUNCESTON,MELBOURNE,Jun-24,57324,585,79.9,476,71734,2024
LAUNCESTON,SYDNEY,Jun-24,21452,171,79.3,914,27055,2024
SUNSHINE COAST,MELBOURNE,Jun-24,55056,334,89.5,1454,61525,2024
SUNSHINE COAST,SYDNEY,Jun-24,54199,354,84.9,837,63849,2024
MELBOURNE,MILDURA,Jun-24,12733,388,77.1,457,16520,2024
MELBOURNE,NEWCASTLE,Jun-24,34517,288,78.7,836,43853,2024
MELBOURNE,GOLD COAST,Jun-24,163964,990,89.9,1330,182319,2024
MELBOURNE,PERTH,Jun-24,143845,1028,75.4,2706,190867,2024
MELBOURNE,BALLINA,Jun-24,0,0,0,1274,0,2024
MELBOURNE,SYDNEY,Jun-24,615282,4619,76.8,706,801688,2024
MELBOURNE,TOWNSVILLE,Jun-24,0,0,0,2055,0,2024
GOLD COAST,SYDNEY,Jun-24,190794,1292,83.3,680,229129,2024
PERTH,PORT HEDLAND,Jun-24,37804,373,63.8,1312,59260,2024
PERTH,SYDNEY,Jun-24,113113,758,78,3284,144979,2024
PERTH,NEWMAN,Jun-24,31134,324,60.1,1019,51780,2024
PROSERPINE,SYDNEY,Jun-24,0,0,0,1517,0,2024
PORT MACQUARIE,SYDNEY,Jun-24,13346,311,70.1,321,19038,2024
BALLINA,SYDNEY,Jun-24,35857,301,83.2,612,43082,2024
SYDNEY,TAMWORTH,45444,0,0,0,320,0,2024
SYDNEY,TOWNSVILLE,45444,0,0,0,1690,0,2024
SYDNEY,WAGGA WAGGA,45444,12982,394,59.3,367,21908,2024
ALBURY,SYDNEY,Jul-24,14953,390,72.1,452,20750,2024
ADELAIDE,ALICE SPRINGS,Jul-24,10754,180,69.9,1316,15392,2024
ADELAIDE,BRISBANE,Jul-24,75539,709,81.7,1622,92450,2024
ADELAIDE,CANBERRA,Jul-24,14682,199,67.6,972,21720,2024
ADELAIDE,CAIRNS,Jul-24,0,0,0,2131,0,2024
ADELAIDE,DARWIN,Jul-24,0,0,0,2619,0,2024
ADELAIDE,HOBART,Jul-24,0,0,0,1172,0,2024
ADELAIDE,MELBOURNE,Jul-24,191293,1437,81.5,643,234756,2024
ADELAIDE,GOLD COAST,Jul-24,23494,140,88.6,1607,26504,2024
ADELAIDE,PERTH,Jul-24,57761,429,78.2,2120,73870,2024
ADELAIDE,PORT LINCOLN,Jul-24,13438,580,56.2,246,23901,2024
ADELAIDE,SYDNEY,Jul-24,153443,1207,75.8,1167,202355,2024
ARMIDALE,SYDNEY,Jul-24,0,0,0,382,0,2024
ALICE SPRINGS,DARWIN,Jul-24,0,0,0,1305,0,2024
ALICE SPRINGS,MELBOURNE,Jul-24,0,0,0,1860,0,2024
ALICE SPRINGS,SYDNEY,Jul-24,0,0,0,2022,0,2024
AYERS ROCK,SYDNEY,Jul-24,0,0,0,2181,0,2024
BUNDABERG,BRISBANE,Jul-24,12608,318,65.5,287,19254,2024
BROOME,PERTH,Jul-24,38380,286,84.8,1677,45242,2024
BRISBANE,CANBERRA,Jul-24,56927,592,78.9,956,72106,2024
BRISBANE,CAIRNS,Jul-24,122403,960,90.8,1391,134736,2024
BRISBANE,DARWIN,Jul-24,37422,285,94,2852,39812,2024
BRISBANE,EMERALD,Jul-24,16807,368,60.8,653,27656,2024
BRISBANE,GLADSTONE,Jul-24,20122,346,67.4,434,29872,2024
BRISBANE,HOBART,Jul-24,23546,163,89.1,1791,26423,2024
BRISBANE,HAMILTON ISLAND,Jul-24,12785,116,79.1,888,16170,2024
BRISBANE,MOUNT ISA,Jul-24,13534,183,65.2,1573,20744,2024
BRISBANE,LAUNCESTON,Jul-24,12175,82,88.9,1664,13700,2024
BRISBANE,MELBOURNE,Jul-24,307664,2191,84.5,1381,364146,2024
BRISBANE,MACKAY,Jul-24,70402,640,81,797,86948,2024
BRISBANE,MORANBAH,Jul-24,10118,236,57.1,780,17715,2024
BRISBANE,NEWCASTLE,Jul-24,44650,455,82.4,614,54174,2024
BRISBANE,PERTH,Jul-24,89110,629,81.5,3615,109306,2024
BRISBANE,PROSERPINE,Jul-24,25010,166,93.2,895,26846,2024
BRISBANE,ROCKHAMPTON,Jul-24,51940,734,76.3,518,68112,2024
BRISBANE,SYDNEY,Jul-24,383884,2894,80.3,753,478172,2024
BRISBANE,TOWNSVILLE,Jul-24,90802,802,89.4,1112,101576,2024
CANBERRA,MELBOURNE,Jul-24,80866,746,70.3,470,114962,2024
CANBERRA,GOLD COAST,Jul-24,15371,96,89.6,892,17164,2024
CANBERRA,SYDNEY,Jul-24,54887,1296,59.7,236,91952,2024
COFFS HARBOUR,SYDNEY,Jul-24,18457,417,78.5,443,23502,2024
CAIRNS,MELBOURNE,Jul-24,86404,475,92.9,2311,92990,2024
CAIRNS,GOLD COAST,Jul-24,0,0,0,1484,0,2024
CAIRNS,SYDNEY,Jul-24,93943,561,87.8,1971,106943,2024
CAIRNS,TOWNSVILLE,Jul-24,0,0,0,284,0,2024
DUBBO,SYDNEY,Jul-24,14451,471,58.8,310,24594,2024
DEVONPORT,MELBOURNE,Jul-24,10968,332,72.8,412,15060,2024
DARWIN,MELBOURNE,Jul-24,30234,182,92.9,3131,32536,2024
DARWIN,PERTH,Jul-24,19980,142,79.8,2651,25030,2024
DARWIN,SYDNEY,Jul-24,0,0,0,3155,0,2024
GERALDTON,PERTH,Jul-24,9570,210,49.1,370,19484,2024
HOBART,MELBOURNE,Jul-24,112358,858,80.7,618,139168,2024
HOBART,SYDNEY,Jul-24,64824,471,78.1,1039,82962,2024
HAMILTON ISLAND,MELBOURNE,Jul-24,0,0,0,1965,0,2024
HAMILTON ISLAND,SYDNEY,Jul-24,23625,164,81.7,1526,28924,2024
KALGOORLIE,PERTH,Jul-24,31670,402,54.8,538,57836,2024
KARRATHA,PERTH,Jul-24,57692,476,72.7,1250,79324,2024
LAUNCESTON,MELBOURNE,Jul-24,66507,667,82.9,476,80265,2024
LAUNCESTON,SYDNEY,Jul-24,27654,199,84.5,914,32718,2024
SUNSHINE COAST,MELBOURNE,Jul-24,61430,358,93.8,1454,65518,2024
SUNSHINE COAST,SYDNEY,Jul-24,64825,426,84.5,837,76732,2024
MELBOURNE,MILDURA,Jul-24,13204,420,74.5,457,17735,2024
MELBOURNE,NEWCASTLE,Jul-24,38156,315,79.6,836,47921,2024
MELBOURNE,GOLD COAST,Jul-24,192857,1132,92.4,1330,208724,2024
MELBOURNE,PERTH,Jul-24,172225,1176,80.2,2706,214796,2024
MELBOURNE,BALLINA,Jul-24,0,0,0,1274,0,2024
MELBOURNE,SYDNEY,Jul-24,651860,4831,78.3,706,832884,2024
MELBOURNE,TOWNSVILLE,Jul-24,0,0,0,2055,0,2024
GOLD COAST,SYDNEY,Jul-24,222293,1485,84.3,680,263596,2024
PERTH,PORT HEDLAND,Jul-24,44081,403,68.3,1312,64542,2024
PERTH,SYDNEY,Jul-24,134210,885,79.4,3284,169053,2024
PERTH,NEWMAN,Jul-24,38121,367,65.2,1019,58451,2024
PROSERPINE,SYDNEY,Jul-24,0,0,0,1517,0,2024
PORT MACQUARIE,SYDNEY,Jul-24,13498,324,67.8,321,19908,2024
BALLINA,SYDNEY,Jul-24,43501,368,79.7,612,54560,2024
SYDNEY,TAMWORTH,45474,0,0,0,320,0,2024
SYDNEY,TOWNSVILLE,45474,0,0,0,1690,0,2024
SYDNEY,WAGGA WAGGA,45474,13869,404,61.5,367,22544,2024
ALBURY,SYDNEY,Aug-24,14601,386,70.5,452,20701,2024
ADELAIDE,ALICE SPRINGS,Aug-24,9642,173,66.3,1316,14546,2024
ADELAIDE,BRISBANE,Aug-24,70612,648,87.1,1622,81096,2024
ADELAIDE,CANBERRA,Aug-24,15281,209,67.6,972,22619,2024
ADELAIDE,CAIRNS,Aug-24,0,0,0,2131,0,2024
ADELAIDE,DARWIN,Aug-24,0,0,0,2619,0,2024
ADELAIDE,HOBART,Aug-24,0,0,0,1172,0,2024
ADELAIDE,MELBOURNE,Aug-24,190377,1336,86.4,643,220392,2024
ADELAIDE,GOLD COAST,Aug-24,23405,124,92.9,1607,25201,2024
ADELAIDE,PERTH,Aug-24,57084,402,81.6,2120,69953,2024
ADELAIDE,PORT LINCOLN,Aug-24,13624,559,59.3,246,22960,2024
ADELAIDE,SYDNEY,Aug-24,144417,1116,77.3,1167,186733,2024
ARMIDALE,SYDNEY,Aug-24,0,0,0,382,0,2024
ALICE SPRINGS,DARWIN,Aug-24,0,0,0,1305,0,2024
ALICE SPRINGS,MELBOURNE,Aug-24,0,0,0,1860,0,2024
ALICE SPRINGS,SYDNEY,Aug-24,0,0,0,2022,0,2024
AYERS ROCK,SYDNEY,Aug-24,0,0,0,2181,0,2024
BUNDABERG,BRISBANE,Aug-24,12539,311,65.7,287,19086,2024
BROOME,PERTH,Aug-24,37564,285,82.3,1677,45636,2024
BRISBANE,CANBERRA,Aug-24,57876,573,82,956,70609,2024
BRISBANE,CAIRNS,Aug-24,116615,908,89.8,1391,129883,2024
BRISBANE,DARWIN,Aug-24,33315,246,92.3,2852,36103,2024
BRISBANE,EMERALD,Aug-24,16287,357,60.6,653,26888,2024
BRISBANE,GLADSTONE,Aug-24,19753,348,66.5,434,29683,2024
BRISBANE,HOBART,Aug-24,22167,154,90.5,1791,24491,2024
BRISBANE,HAMILTON ISLAND,Aug-24,12497,119,76.7,888,16288,2024
BRISBANE,MOUNT ISA,Aug-24,14460,179,70.4,1573,20549,2024
BRISBANE,LAUNCESTON,Aug-24,10114,64,89.9,1664,11248,2024
BRISBANE,MELBOURNE,Aug-24,297655,1966,90.2,1381,330059,2024
BRISBANE,MACKAY,Aug-24,67802,610,82.7,797,82001,2024
BRISBANE,MORANBAH,Aug-24,9150,224,54.6,780,16764,2024
BRISBANE,NEWCASTLE,Aug-24,43861,443,83.8,614,52319,2024
BRISBANE,PERTH,Aug-24,87854,606,83.8,3615,104870,2024
BRISBANE,PROSERPINE,Aug-24,24069,160,93.2,895,25828,2024
BRISBANE,ROCKHAMPTON,Aug-24,52057,713,79.1,518,65840,2024
BRISBANE,SYDNEY,Aug-24,372101,2546,88,753,422667,2024
BRISBANE,TOWNSVILLE,Aug-24,87604,792,87.4,1112,100219,2024
CANBERRA,MELBOURNE,Aug-24,84518,734,75.8,470,111495,2024
CANBERRA,GOLD COAST,Aug-24,14585,88,92.8,892,15724,2024
CANBERRA,SYDNEY,Aug-24,58177,1290,61.3,236,94853,2024
COFFS HARBOUR,SYDNEY,Aug-24,17326,406,76.4,443,22669,2024
CAIRNS,MELBOURNE,Aug-24,79575,438,93.3,2311,85294,2024
CAIRNS,GOLD COAST,Aug-24,0,0,0,1484,0,2024
CAIRNS,SYDNEY,Aug-24,84897,508,90.8,1971,93486,2024
CAIRNS,TOWNSVILLE,Aug-24,0,0,0,284,0,2024
DUBBO,SYDNEY,Aug-24,15668,477,62.6,310,25042,2024
DEVONPORT,MELBOURNE,Aug-24,10945,333,72.7,412,15050,2024
DARWIN,MELBOURNE,Aug-24,29069,186,87.3,3131,33282,2024
DARWIN,PERTH,Aug-24,19080,143,76.8,2651,24844,2024
DARWIN,SYDNEY,Aug-24,0,0,0,3155,0,2024
GERALDTON,PERTH,Aug-24,10242,211,53.4,370,19196,2024
HOBART,MELBOURNE,Aug-24,102751,725,89.5,618,114775,2024
HOBART,SYDNEY,Aug-24,58379,435,76.1,1039,76727,2024
HAMILTON ISLAND,MELBOURNE,Aug-24,0,0,0,1965,0,2024
HAMILTON ISLAND,SYDNEY,Aug-24,19879,150,75.5,1526,26316,2024
KALGOORLIE,PERTH,Aug-24,34395,422,56.4,538,61022,2024
KARRATHA,PERTH,Aug-24,54483,468,69.4,1250,78472,2024
LAUNCESTON,MELBOURNE,Aug-24,67917,647,85.3,476,79606,2024
LAUNCESTON,SYDNEY,Aug-24,24508,186,84.1,914,29156,2024
SUNSHINE COAST,MELBOURNE,Aug-24,53177,311,95.5,1454,55667,2024
SUNSHINE COAST,SYDNEY,Aug-24,63441,411,86.1,837,73672,2024
MELBOURNE,MILDURA,Aug-24,12690,431,69.8,457,18174,2024
MELBOURNE,NEWCASTLE,Aug-24,37621,308,80.3,836,46824,2024
MELBOURNE,GOLD COAST,Aug-24,160999,881,96.1,1330,167443,2024
MELBOURNE,PERTH,Aug-24,160913,1080,81.7,2706,197033,2024
MELBOURNE,BALLINA,Aug-24,0,0,0,1274,0,2024
MELBOURNE,SYDNEY,Aug-24,651866,4450,84.5,706,771564,2024
MELBOURNE,TOWNSVILLE,Aug-24,0,0,0,2055,0,2024
GOLD COAST,SYDNEY,Aug-24,204212,1279,90.7,680,225206,2024
PERTH,PORT HEDLAND,Aug-24,41429,394,65.6,1312,63180,2024
PERTH,SYDNEY,Aug-24,133657,863,81.9,3284,163247,2024
PERTH,NEWMAN,Aug-24,35161,345,63.9,1019,55004,2024
PROSERPINE,SYDNEY,Aug-24,0,0,0,1517,0,2024
PORT MACQUARIE,SYDNEY,Aug-24,14093,329,69.8,321,20182,2024
BALLINA,SYDNEY,Aug-24,42527,350,82.6,612,51501,2024
SYDNEY,TAMWORTH,45505,0,0,0,320,0,2024
SYDNEY,TOWNSVILLE,45505,0,0,0,1690,0,2024
SYDNEY,WAGGA WAGGA,45505,14385,406,63.4,367,22684,2024
ALBURY,SYDNEY,Sep-24,13246,362,69.1,452,19164,2024
ADELAIDE,ALICE SPRINGS,Sep-24,9376,171,64.5,1316,14531,2024
ADELAIDE,BRISBANE,Sep-24,70234,626,88,1622,79808,2024
ADELAIDE,CANBERRA,Sep-24,16508,222,68.7,972,24046,2024
ADELAIDE,CAIRNS,Sep-24,0,0,0,2131,0,2024
ADELAIDE,DARWIN,Sep-24,0,0,0,2619,0,2024
ADELAIDE,HOBART,Sep-24,0,0,0,1172,0,2024
ADELAIDE,MELBOURNE,Sep-24,185067,1332,83.8,643,220936,2024
ADELAIDE,GOLD COAST,Sep-24,23574,127,93.6,1607,25192,2024
ADELAIDE,PERTH,Sep-24,60798,400,85,2120,71531,2024
ADELAIDE,PORT LINCOLN,Sep-24,13737,563,59.4,246,23119,2024
ADELAIDE,SYDNEY,Sep-24,155077,1126,81.2,1167,191029,2024
ARMIDALE,SYDNEY,Sep-24,0,0,0,382,0,2024
ALICE SPRINGS,DARWIN,Sep-24,0,0,0,1305,0,2024
ALICE SPRINGS,MELBOURNE,Sep-24,0,0,0,1860,0,2024
ALICE SPRINGS,SYDNEY,Sep-24,0,0,0,2022,0,2024
AYERS ROCK,SYDNEY,Sep-24,0,0,0,2181,0,2024
BUNDABERG,BRISBANE,Sep-24,12380,308,65.6,287,18882,2024
BROOME,PERTH,Sep-24,35697,277,86.2,1677,41399,2024
BRISBANE,CANBERRA,Sep-24,55944,561,81.2,956,68917,2024
BRISBANE,CAIRNS,Sep-24,118166,897,90.9,1391,129991,2024
BRISBANE,DARWIN,Sep-24,29413,237,91.8,2852,32040,2024
BRISBANE,EMERALD,Sep-24,16164,346,63.3,653,25530,2024
BRISBANE,GLADSTONE,Sep-24,19266,334,67,434,28748,2024
BRISBANE,HOBART,Sep-24,24339,172,87.5,1791,27825,2024
BRISBANE,HAMILTON ISLAND,Sep-24,15733,128,87.6,888,17957,2024
BRISBANE,MOUNT ISA,Sep-24,14128,169,73.9,1573,19118,2024
BRISBANE,LAUNCESTON,Sep-24,13266,88,89.2,1664,14880,2024
BRISBANE,MELBOURNE,Sep-24,314912,2151,87.5,1381,359692,2024
BRISBANE,MACKAY,Sep-24,68579,618,85.8,797,79936,2024
BRISBANE,MORANBAH,Sep-24,9415,222,56.6,780,16643,2024
BRISBANE,NEWCASTLE,Sep-24,43964,435,85.3,614,51537,2024
BRISBANE,PERTH,Sep-24,94180,612,88.3,3615,106646,2024
BRISBANE,PROSERPINE,Sep-24,25419,168,94.1,895,27022,2024
BRISBANE,ROCKHAMPTON,Sep-24,54295,693,84.2,518,64501,2024
BRISBANE,SYDNEY,Sep-24,364980,2550,86.3,753,422868,2024
BRISBANE,TOWNSVILLE,Sep-24,85532,764,87.2,1112,98068,2024
CANBERRA,MELBOURNE,Sep-24,86584,705,79.8,470,108449,2024
CANBERRA,GOLD COAST,Sep-24,15208,92,92.2,892,16488,2024
CANBERRA,SYDNEY,Sep-24,56441,1221,62.9,236,89794,2024
COFFS HARBOUR,SYDNEY,Sep-24,17642,393,80.1,443,22019,2024
CAIRNS,MELBOURNE,Sep-24,78736,455,90.8,2311,86725,2024
CAIRNS,GOLD COAST,Sep-24,0,0,0,1484,0,2024
CAIRNS,SYDNEY,Sep-24,79107,501,84.1,1971,94065,2024
CAIRNS,TOWNSVILLE,Sep-24,0,0,0,284,0,2024
DUBBO,SYDNEY,Sep-24,14820,458,62.2,310,23812,2024
DEVONPORT,MELBOURNE,Sep-24,9994,319,68.9,412,14510,2024
DARWIN,MELBOURNE,Sep-24,28900,180,86.7,3131,33338,2024
DARWIN,PERTH,Sep-24,18363,141,74.5,2651,24636,2024
DARWIN,SYDNEY,Sep-24,0,0,0,3155,0,2024
GERALDTON,PERTH,Sep-24,9995,202,53,370,18433,2024
HOBART,MELBOURNE,Sep-24,104286,713,85.2,618,122392,2024
HOBART,SYDNEY,Sep-24,62113,453,77.8,1039,79860,2024
HAMILTON ISLAND,MELBOURNE,Sep-24,0,0,0,1965,0,2024
HAMILTON ISLAND,SYDNEY,Sep-24,23118,158,83,1526,27840,2024
KALGOORLIE,PERTH,Sep-24,31309,382,54.3,538,56528,2024
KARRATHA,PERTH,Sep-24,52389,453,69.1,1250,75854,2024
LAUNCESTON,MELBOURNE,Sep-24,65200,657,81,476,80445,2024
LAUNCESTON,SYDNEY,Sep-24,26231,194,83.7,914,31340,2024
SUNSHINE COAST,MELBOURNE,Sep-24,59520,356,93.1,1454,63900,2024
SUNSHINE COAST,SYDNEY,Sep-24,63323,407,86.9,837,72877,2024
MELBOURNE,MILDURA,Sep-24,12084,414,69.2,457,17452,2024
MELBOURNE,NEWCASTLE,Sep-24,39616,306,85,836,46588,2024
MELBOURNE,GOLD COAST,Sep-24,175570,1025,92.7,1330,189351,2024
MELBOURNE,PERTH,Sep-24,169164,1089,85.2,2706,198533,2024
MELBOURNE,BALLINA,Sep-24,0,0,0,1274,0,2024
MELBOURNE,SYDNEY,Sep-24,662132,4548,83.4,706,793855,2024
MELBOURNE,TOWNSVILLE,Sep-24,0,0,0,2055,0,2024
GOLD COAST,SYDNEY,Sep-24,208770,1311,89.2,680,234016,2024
PERTH,PORT HEDLAND,Sep-24,40213,382,65.8,1312,61125,2024
PERTH,SYDNEY,Sep-24,141360,869,84.9,3284,166549,2024
PERTH,NEWMAN,Sep-24,33291,335,62.2,1019,53495,2024
PROSERPINE,SYDNEY,Sep-24,0,0,0,1517,0,2024
PORT MACQUARIE,SYDNEY,Sep-24,13320,305,72.1,321,18485,2024
BALLINA,SYDNEY,Sep-24,44028,341,86.8,612,50723,2024
SYDNEY,TAMWORTH,45536,0,0,0,320,0,2024
SYDNEY,TOWNSVILLE,45536,0,0,0,1690,0,2024
SYDNEY,WAGGA WAGGA,45536,14015,382,66.5,367,21068,2024
ALBURY,SYDNEY,Oct-24,13957,358,73.1,452,19084,2024
ADELAIDE,ALICE SPRINGS,Oct-24,9022,162,67.3,1316,13400,2024
ADELAIDE,BRISBANE,Oct-24,77110,655,92.6,1622,83303,2024
ADELAIDE,CANBERRA,Oct-24,17874,219,75.7,972,23610,2024
ADELAIDE,CAIRNS,Oct-24,0,0,0,2131,0,2024
ADELAIDE,DARWIN,Oct-24,0,0,0,2619,0,2024
ADELAIDE,HOBART,Oct-24,0,0,0,1172,0,2024
ADELAIDE,MELBOURNE,Oct-24,206200,1373,90.4,643,228145,2024
ADELAIDE,GOLD COAST,Oct-24,24782,136,93.2,1607,26587,2024
ADELAIDE,PERTH,Oct-24,64082,407,87.8,2120,72966,2024
ADELAIDE,PORT LINCOLN,Oct-24,15023,568,64.3,246,23368,2024
ADELAIDE,SYDNEY,Oct-24,179288,1182,89.3,1167,200742,2024
ARMIDALE,SYDNEY,Oct-24,0,0,0,382,0,2024
ALICE SPRINGS,DARWIN,Oct-24,0,0,0,1305,0,2024
ALICE SPRINGS,MELBOURNE,Oct-24,0,0,0,1860,0,2024
ALICE SPRINGS,SYDNEY,Oct-24,0,0,0,2022,0,2024
AYERS ROCK,MELBOURNE,Oct-24,11300,80,79,1910,14312,2024
AYERS ROCK,SYDNEY,Oct-24,0,0,0,2181,0,2024
BUNDABERG,BRISBANE,Oct-24,12854,315,66.7,287,19264,2024
BROOME,PERTH,Oct-24,32322,275,77.4,1677,41764,2024
BRISBANE,CANBERRA,Oct-24,57740,574,81.2,956,71131,2024
BRISBANE,CAIRNS,Oct-24,118858,877,92.3,1391,128777,2024
BRISBANE,DARWIN,Oct-24,28092,213,87.3,2852,32185,2024
BRISBANE,EMERALD,Oct-24,17382,356,64.6,653,26887,2024
BRISBANE,GLADSTONE,Oct-24,20076,338,68.5,434,29308,2024
BRISBANE,HOBART,Oct-24,26578,178,91.3,1791,29125,2024
BRISBANE,HAMILTON ISLAND,Oct-24,15824,128,88,888,17988,2024
BRISBANE,MOUNT ISA,Oct-24,14018,192,69.2,1573,20248,2024
BRISBANE,LAUNCESTON,Oct-24,12919,82,88.3,1664,14636,2024
BRISBANE,MELBOURNE,Oct-24,322143,2173,89.7,1381,359156,2024
BRISBANE,MACKAY,Oct-24,67373,689,86.3,797,78072,2024
BRISBANE,MORANBAH,Oct-24,10128,238,56.7,780,17876,2024
BRISBANE,NEWCASTLE,Oct-24,47321,446,89,614,53180,2024
BRISBANE,PERTH,Oct-24,102772,656,90.2,3615,113881,2024
BRISBANE,PROSERPINE,Oct-24,26293,172,93.6,895,28080,2024
BRISBANE,ROCKHAMPTON,Oct-24,56026,710,84.2,518,66560,2024
BRISBANE,SYDNEY,Oct-24,404153,2672,91.1,753,443782,2024
BRISBANE,TOWNSVILLE,Oct-24,84700,779,85.9,1112,98548,2024
CANBERRA,MELBOURNE,Oct-24,88622,717,80.5,470,110076,2024
CANBERRA,GOLD COAST,Oct-24,15212,94,90.3,892,16847,2024
CANBERRA,SYDNEY,Oct-24,58596,1335,63.9,236,91721,2024
COFFS HARBOUR,SYDNEY,Oct-24,18265,406,78.9,443,23147,2024
CAIRNS,MELBOURNE,Oct-24,79020,444,92.6,2311,85375,2024
CAIRNS,GOLD COAST,Oct-24,0,0,0,1484,0,2024
CAIRNS,SYDNEY,Oct-24,87228,514,91.5,1971,95342,2024
CAIRNS,TOWNSVILLE,Oct-24,0,0,0,284,0,2024
DUBBO,SYDNEY,Oct-24,15921,487,62.5,310,25455,2024
DEVONPORT,MELBOURNE,Oct-24,11075,322,76.7,412,14437,2024
DARWIN,MELBOURNE,Oct-24,27532,181,82.8,3131,33238,2024
DARWIN,PERTH,Oct-24,15413,120,73,2651,21120,2024
DARWIN,SYDNEY,Oct-24,0,0,0,3155,0,2024
GERALDTON,PERTH,Oct-24,10973,213,55.7,370,19688,2024
HOBART,MELBOURNE,Oct-24,113885,752,86.5,618,131631,2024
HOBART,SYDNEY,Oct-24,73978,482,86.4,1039,85603,2024
HAMILTON ISLAND,MELBOURNE,Oct-24,0,0,0,1965,0,2024
HAMILTON ISLAND,SYDNEY,Oct-24,24726,156,89.4,1526,27644,2024
KALGOORLIE,PERTH,Oct-24,35568,403,59.8,538,59462,2024
KARRATHA,PERTH,Oct-24,56394,482,70,1250,80551,2024
LAUNCESTON,MELBOURNE,Oct-24,70988,632,86,476,82574,2024
LAUNCESTON,SYDNEY,Oct-24,29762,194,92.6,914,32131,2024
SUNSHINE COAST,MELBOURNE,Oct-24,58558,343,91.9,1454,63750,2024
SUNSHINE COAST,SYDNEY,Oct-24,71461,440,90.6,837,78893,2024
MELBOURNE,MILDURA,Oct-24,12831,399,77.5,457,16560,2024
MELBOURNE,NEWCASTLE,Oct-24,42534,310,90.1,836,47233,2024
MELBOURNE,GOLD COAST,Oct-24,192225,1104,94.2,1330,203950,2024
MELBOURNE,PERTH,Oct-24,184411,1130,89.5,2706,206055,2024
MELBOURNE,BALLINA,Oct-24,0,0,0,1274,0,2024
MELBOURNE,SYDNEY,Oct-24,732012,4776,88.7,706,825667,2024
MELBOURNE,TOWNSVILLE,Oct-24,0,0,0,2055,0,2024
GOLD COAST,SYDNEY,Oct-24,230329,1405,92.9,680,248035,2024
PERTH,PORT HEDLAND,Oct-24,44490,398,69.5,1312,63992,2024
PERTH,SYDNEY,Oct-24,152975,881,91.3,3284,167527,2024
PERTH,NEWMAN,Oct-24,39531,363,67.5,1019,58544,2024
PROSERPINE,SYDNEY,Oct-24,0,0,0,1517,0,2024
PORT MACQUARIE,SYDNEY,Oct-24,14658,345,70.7,321,20730,2024
BALLINA,SYDNEY,Oct-24,49176,364,90.7,612,54224,2024
SYDNEY,TAMWORTH,45566,0,0,0,320,0,2024
SYDNEY,TOWNSVILLE,45566,0,0,0,1690,0,2024
SYDNEY,WAGGA WAGGA,45566,15340,407,66.7,367,22998,2024
ALBURY,SYDNEY,Nov-24,13826,330,74.7,452,18500,2024
ADELAIDE,ALICE SPRINGS,Nov-24,8889,143,74.6,1316,11912,2024
ADELAIDE,BRISBANE,Nov-24,78710,679,90.4,1622,87072,2024
ADELAIDE,CANBERRA,Nov-24,19106,216,81.1,972,23559,2024
ADELAIDE,CAIRNS,Nov-24,0,0,0,2131,0,2024
ADELAIDE,DARWIN,Nov-24,0,0,0,2619,0,2024
ADELAIDE,HOBART,Nov-24,0,0,0,1172,0,2024
ADELAIDE,MELBOURNE,Nov-24,202262,1309,91.5,643,220956,2024
ADELAIDE,GOLD COAST,Nov-24,22926,122,92.6,1607,24753,2024
ADELAIDE,PERTH,Nov-24,61454,400,86.4,2120,71091,2024
ADELAIDE,PORT LINCOLN,Nov-24,13826,508,66.9,246,20675,2024
ADELAIDE,SYDNEY,Nov-24,168468,1100,91.3,1167,184568,2024
ARMIDALE,SYDNEY,Nov-24,0,0,0,382,0,2024
ALICE SPRINGS,DARWIN,Nov-24,0,0,0,1305,0,2024
ALICE SPRINGS,MELBOURNE,Nov-24,0,0,0,1860,0,2024
ALICE SPRINGS,SYDNEY,Nov-24,0,0,0,2022,0,2024
ALICE SPRINGS,SYDNEY,Nov-24,0,0,0,2022,0,2024
AYERS ROCK,MELBOURNE,Nov-24,10251,70,81,1910,12652,2024
AYERS ROCK,SYDNEY,Nov-24,0,0,0,2181,0,2024
BUNDABERG,BRISBANE,Nov-24,12008,297,66.5,287,18068,2024
BROOME,PERTH,Nov-24,26738,245,77.2,1677,34632,2024
BRISBANE,CANBERRA,Nov-24,59618,569,83,956,71846,2024
BRISBANE,CAIRNS,Nov-24,107569,820,93.1,1391,115562,2024
BRISBANE,DARWIN,Nov-24,23706,152,88.2,2852,26884,2024
BRISBANE,EMERALD,Nov-24,16049,311,65.8,653,24388,2024
BRISBANE,GLADSTONE,Nov-24,19756,307,70.7,434,27928,2024
BRISBANE,HOBART,Nov-24,26066,184,89.9,1791,29006,2024
BRISBANE,HAMILTON ISLAND,Nov-24,14151,115,88.4,888,16016,2024
BRISBANE,MOUNT ISA,Nov-24,13063,232,73.5,1573,17772,2024
BRISBANE,LAUNCESTON,Nov-24,13051,80,90,1664,14508,2024
BRISBANE,MELBOURNE,Nov-24,307230,2020,90.7,1381,338744,2024
BRISBANE,MACKAY,Nov-24,65219,607,86.6,797,75331,2024
BRISBANE,MORANBAH,Nov-24,9353,216,57.7,780,16210,2024
BRISBANE,NEWCASTLE,Nov-24,45033,423,89.2,614,50495,2024
BRISBANE,PERTH,Nov-24,98658,655,87.1,3615,113237,2024
BRISBANE,PROSERPINE,Nov-24,23064,158,90.1,895,25592,2024
BRISBANE,ROCKHAMPTON,Nov-24,52830,665,86.1,518,61336,2024
BRISBANE,SYDNEY,Nov-24,386227,2495,93.8,753,411652,2024
BRISBANE,TOWNSVILLE,Nov-24,79251,734,83.6,1112,94747,2024
CANBERRA,MELBOURNE,Nov-24,91418,702,84.8,470,107757,2024
CANBERRA,GOLD COAST,Nov-24,13982,86,90.7,892,15420,2024
CANBERRA,SYDNEY,Nov-24,62631,1343,73.7,236,85027,2024
COFFS HARBOUR,SYDNEY,Nov-24,17310,368,82.2,443,21059,2024
CAIRNS,MELBOURNE,Nov-24,65380,365,92.1,2311,70997,2024
CAIRNS,GOLD COAST,Nov-24,0,0,0,1484,0,2024
CAIRNS,SYDNEY,Nov-24,69141,393,94.1,1971,73455,2024
CAIRNS,TOWNSVILLE,Nov-24,0,0,0,284,0,2024
DUBBO,SYDNEY,Nov-24,15425,456,65.3,310,23632,2024
DEVONPORT,MELBOURNE,Nov-24,10729,292,80.6,412,13304,2024
DARWIN,MELBOURNE,Nov-24,21409,152,79.3,3131,26988,2024
DARWIN,PERTH,Nov-24,13557,107,72.3,2651,18760,2024
DARWIN,SYDNEY,Nov-24,0,0,0,3155,0,2024
GERALDTON,PERTH,Nov-24,10569,202,58.4,370,18104,2024
HOBART,MELBOURNE,Nov-24,117815,737,90.3,618,130426,2024
HOBART,SYDNEY,Nov-24,72399,465,86.7,1039,83463,2024
HAMILTON ISLAND,MELBOURNE,Nov-24,0,0,0,1965,0,2024
HAMILTON ISLAND,SYDNEY,Nov-24,20812,141,83.8,1526,24847,2024
KALGOORLIE,PERTH,Nov-24,31561,358,61.6,538,51260,2024
KARRATHA,PERTH,Nov-24,53730,447,73.7,1250,72933,2024
LAUNCESTON,MELBOURNE,Nov-24,68625,530,89.8,476,76415,2024
LAUNCESTON,SYDNEY,Nov-24,29383,193,90.3,914,32531,2024
SUNSHINE COAST,MELBOURNE,Nov-24,65888,374,90.5,1454,72829,2024
SUNSHINE COAST,SYDNEY,Nov-24,70958,444,89,837,79758,2024
MELBOURNE,MILDURA,Nov-24,12656,390,76.4,457,16556,2024
MELBOURNE,NEWCASTLE,Nov-24,41095,296,91.1,836,45129,2024
MELBOURNE,GOLD COAST,Nov-24,175094,1016,92.8,1330,188660,2024
MELBOURNE,PERTH,Nov-24,177469,1095,89.8,2706,197573,2024
MELBOURNE,BALLINA,Nov-24,0,0,0,1274,0,2024
MELBOURNE,SYDNEY,Nov-24,704459,4407,92.3,706,763228,2024
MELBOURNE,TOWNSVILLE,Nov-24,0,0,0,2055,0,2024
GOLD COAST,SYDNEY,Nov-24,200092,1238,92.6,680,216038,2024
PERTH,PORT HEDLAND,Nov-24,40493,371,66.6,1312,60808,2024
PERTH,SYDNEY,Nov-24,147230,862,90,3284,163560,2024
PERTH,NEWMAN,Nov-24,35377,332,65.7,1019,53808,2024
PROSERPINE,SYDNEY,Nov-24,0,0,0,1517,0,2024
PORT MACQUARIE,SYDNEY,Nov-24,14765,361,71.6,321,20622,2024
BALLINA,SYDNEY,Nov-24,47437,345,91.6,612,51812,2024
SYDNEY,TAMWORTH,45597,0,0,0,320,0,2024
SYDNEY,TOWNSVILLE,45597,0,0,0,1690,0,2024
SYDNEY,WAGGA WAGGA,45597,13852,379,67.1,367,20638,2024
ALBURY,SYDNEY,Dec-24,12359,312,68.9,452,17928,2024
ADELAIDE,ALICE SPRINGS,Dec-24,7575,131,68.1,1316,11122,2024
ADELAIDE,BRISBANE,Dec-24,79281,690,87.4,1622,90685,2024
ADELAIDE,CANBERRA,Dec-24,15906,191,75.2,972,21161,2024
ADELAIDE,CAIRNS,Dec-24,0,0,0,2131,0,2024
ADELAIDE,DARWIN,Dec-24,0,0,0,2619,0,2024
ADELAIDE,HOBART,Dec-24,0,0,0,1172,0,2024
ADELAIDE,MELBOURNE,Dec-24,193424,1316,86.9,643,222553,2024
ADELAIDE,GOLD COAST,Dec-24,28076,172,87.1,1607,32218,2024
ADELAIDE,PERTH,Dec-24,62753,427,84,2120,74712,2024
ADELAIDE,PORT LINCOLN,Dec-24,13865,500,68.4,246,20277,2024
ADELAIDE,SYDNEY,Dec-24,167764,1183,85.3,1167,196698,2024
ARMIDALE,SYDNEY,Dec-24,0,0,0,382,0,2024
ALICE SPRINGS,DARWIN,Dec-24,0,0,0,1305,0,2024
ALICE SPRINGS,MELBOURNE,Dec-24,0,0,0,1860,0,2024
ALICE SPRINGS,SYDNEY,Dec-24,0,0,0,2022,0,2024
AYERS ROCK,MELBOURNE,Dec-24,8026,70,63.6,1910,12628,2024
AYERS ROCK,SYDNEY,Dec-24,0,0,0,2181,0,2024
BUNDABERG,BRISBANE,Dec-24,11157,293,61.4,287,18160,2024
BROOME,PERTH,Dec-24,24960,244,69.8,1677,35739,2024
BRISBANE,CANBERRA,Dec-24,56215,542,79.9,956,70373,2024
BRISBANE,CAIRNS,Dec-24,104838,852,86.6,1391,121081,2024
BRISBANE,DARWIN,Dec-24,26622,186,81.2,2852,32794,2024
BRISBANE,EMERALD,Dec-24,14271,279,64.3,653,22196,2024
BRISBANE,GLADSTONE,Dec-24,17523,302,64.9,434,27008,2024
BRISBANE,HOBART,Dec-24,34941,254,89.6,1791,39015,2024
BRISBANE,HAMILTON ISLAND,Dec-24,17297,165,74.2,888,23327,2024
BRISBANE,MOUNT ISA,Dec-24,11018,217,64.8,1573,16992,2024
BRISBANE,LAUNCESTON,Dec-24,18294,124,88.2,1664,20740,2024
BRISBANE,MELBOURNE,Dec-24,298302,2047,87.6,1381,340700,2024
BRISBANE,MACKAY,Dec-24,62197,593,83.8,797,74228,2024
BRISBANE,MORANBAH,Dec-24,8001,198,53.9,780,14846,2024
BRISBANE,NEWCASTLE,Dec-24,44216,420,86.8,614,50944,2024
BRISBANE,PERTH,Dec-24,104453,679,88.1,3615,118510,2024
BRISBANE,PROSERPINE,Dec-24,27035,192,85.3,895,31694,2024
BRISBANE,ROCKHAMPTON,Dec-24,48634,641,83.8,518,58070,2024
BRISBANE,SYDNEY,Dec-24,368935,2462,89.5,753,412083,2024
BRISBANE,TOWNSVILLE,Dec-24,79218,746,83.6,1112,94758,2024
CANBERRA,MELBOURNE,Dec-24,77141,599,84,470,91811,2024
CANBERRA,GOLD COAST,Dec-24,15119,96,87.8,892,17224,2024
CANBERRA,SYDNEY,Dec-24,47893,1013,67.8,236,70634,2024
COFFS HARBOUR,SYDNEY,Dec-24,17811,361,70.7,443,25199,2024
CAIRNS,MELBOURNE,Dec-24,73532,459,83.3,2311,88227,2024
CAIRNS,GOLD COAST,Dec-24,0,0,0,1484,0,2024
CAIRNS,SYDNEY,Dec-24,79991,507,86.1,1971,92956,2024
CAIRNS,TOWNSVILLE,Dec-24,0,0,0,284,0,2024
DUBBO,SYDNEY,Dec-24,12604,382,59.6,310,21164,2024
DEVONPORT,MELBOURNE,Dec-24,10718,294,74.7,412,14348,2024
DARWIN,MELBOURNE,Dec-24,22986,170,75.7,3131,30370,2024
DARWIN,PERTH,Dec-24,14462,116,78.6,2651,18408,2024
DARWIN,SYDNEY,Dec-24,0,0,0,3155,0,2024
GERALDTON,PERTH,Dec-24,9029,202,52,370,17352,2024
HOBART,MELBOURNE,Dec-24,133120,867,86.8,618,153398,2024
HOBART,SYDNEY,Dec-24,81486,536,87,1039,93669,2024
HAMILTON ISLAND,MELBOURNE,Dec-24,0,0,0,1965,0,2024
HAMILTON ISLAND,SYDNEY,Dec-24,22969,159,81.9,1526,28030,2024
KALGOORLIE,PERTH,Dec-24,27337,348,55.5,538,49280,2024
KARRATHA,PERTH,Dec-24,45311,416,66.3,1250,68382,2024
LAUNCESTON,MELBOURNE,Dec-24,76583,623,83.3,476,91897,2024
LAUNCESTON,SYDNEY,Dec-24,35183,240,86.6,914,40640,2024
SUNSHINE COAST,MELBOURNE,Dec-24,72769,454,85.2,1454,85432,2024
SUNSHINE COAST,SYDNEY,Dec-24,73040,481,84.4,837,86494,2024
MELBOURNE,MILDURA,Dec-24,12006,376,67.4,457,17824,2024
MELBOURNE,NEWCASTLE,Dec-24,38835,284,86.9,836,44672,2024
MELBOURNE,GOLD COAST,Dec-24,210973,1336,86.9,1330,242648,2024
MELBOURNE,PERTH,Dec-24,189054,1157,89.2,2706,212014,2024
MELBOURNE,BALLINA,Dec-24,0,0,0,1274,0,2024
MELBOURNE,SYDNEY,Dec-24,671580,4257,90.7,706,740292,2024
MELBOURNE,TOWNSVILLE,Dec-24,0,0,0,2055,0,2024
GOLD COAST,SYDNEY,Dec-24,220450,1412,89.1,680,247463,2024
PERTH,PORT HEDLAND,Dec-24,35689,363,59.8,1312,59662,2024
PERTH,SYDNEY,Dec-24,155668,928,90.1,3284,172714,2024
PERTH,NEWMAN,Dec-24,30819,336,56.3,1019,54720,2024
PROSERPINE,SYDNEY,Dec-24,0,0,0,1517,0,2024
PORT MACQUARIE,SYDNEY,Dec-24,14659,348,71.5,321,20495,2024
BALLINA,SYDNEY,Dec-24,48852,355,90,612,54253,2024
SYDNEY,TAMWORTH,45627,0,0,0,320,0,2024
SYDNEY,TOWNSVILLE,45627,0,0,0,1690,0,2024
SYDNEY,WAGGA WAGGA,45627,12135,335,63.3,367,19182,2024
